{"skeleton":{"hash":"kL+m0MsPnKU","spine":"4.2.40","x":-80.44,"y":-210.13,"width":183,"height":423,"images":"D:/Yang/Dev_Quân/Annoyme2/Anim","audio":""},"bones":[{"name":"root"}],"slots":[{"name":"Layer 7","bone":"root","attachment":"Layer 7"}],"skins":[{"name":"default","attachments":{"Layer 7":{"Layer 7":{"type":"mesh","uvs":[1,0.43511,1,1,0,1,0,0.4316,0,0,1,0],"triangles":[3,4,5,3,5,0,2,3,0,2,0,1],"vertices":[102.56,28.82,102.56,-210.13,-80.44,-210.13,-80.44,30.31,-80.44,212.87,102.56,212.87],"hull":6,"edges":[2,4,8,10,4,6,6,8,2,0,0,10,6,0],"width":183,"height":423}}}}],"animations":{"animation":{"attachments":{"default":{"Layer 7":{"Layer 7":{"deform":[{"offset":1,"vertices":[2.9675,0,0,0,0,0,2.9675],"curve":[0.111,0,0.222,1]},{"time":0.3333,"vertices":[-0.10953,8.2463,0,0,0,0,0.10953,-2.31131,-5.19312,0,-5.19312],"curve":[0.444,0,0.556,1]},{"time":0.6667,"offset":1,"vertices":[2.9675,0,0,0,0,0,2.9675]}]}}}}}}}